path	read_scope	sha256	bytes
.codex/skills/commit/SKILL.md	inventory-only	60788c28cdc1925cb40020798ac4a85ca73cc8b04cbca31f22d92515755dd112	2480
.codex/skills/debug/SKILL.md	inventory-only	f043ad96235eb010b3d5aafcd4f32c0fe4e98621baeaef5b2b82c001cc78b179	4314
.codex/skills/land/SKILL.md	inventory-only	64b5b6e1c613bcf89c32711ef7bb81c2e370ad93b3d3139902aeea3071ad75d2	10064
.codex/skills/land/land_watch.py	inventory-only	46ede0036339ba2d18f2ff8825a6cf8aa5cb87186fdc6bade7c30add67f2df22	19585
.codex/skills/linear/SKILL.md	inventory-only	dae7888e1a1c888e88568f7c4efd0dc269c143d1c40f97e382e0e86a85208507	6838
.codex/skills/pull/SKILL.md	inventory-only	7aa0ef5cd87707fb2db62b3ca465811283c42a0b8172c451007cfb80a56e4088	4685
.codex/skills/push/SKILL.md	inventory-only	e9c91348a03b09c498ebd38e2cb560dc5c2392a5cb57e45210cd724a3d54c3d6	4393
.codex/skills/release/SKILL.md	inventory-only	03a2b39f5e634647affeae31d7e9223d1c1a652d8b8874ee6c33552d98d47a62	1180
.codex/worktree_init.sh	inventory-only	cce49e067cec63a2bee90abc2b4a436d2ef8a05bb7c42305fdd3cf64aae30733	345
.github/media/elixir-screenshot.png	inventory-only	b023cb2e25ba144be6b64f1e522b06221a6297e214ec5419db13511331a2981d	115378
.github/media/symphony-demo-poster.jpg	inventory-only	808d8367a378ea439bc53395e4e9fa703ef86fcd187e23af5c4bd419dfb1fb2b	90558
.github/media/symphony-demo.mp4	inventory-only	0baa5f6276ea9a790d8072e690c547ed02afb3f95312266d3f27a923d4f58ec1	30446771
.github/pull_request_template.md	inventory-only	3eea4ddb45b9188a691273ef1aca5c1bb59924e06647f73cfc793f550780eb9f	537
.github/workflows/burrito-nightly.yml	inventory-only	f586526f0dbde71ad90a8bf8aa62e75aa101245c49371a7b069d1dcae03e82c9	232
.github/workflows/burrito-release.yml	inventory-only	469851a2f0bf10565ffad113ee78312f68478886dac962237a42efb8459e18a8	5570
.github/workflows/make-all.yml	inventory-only	e8a1a491830005d8e361dd71242deb2c1c4f43dd5bbd3c74b62c9e32c841570e	870
.github/workflows/pr-description-lint.yml	inventory-only	d1e8dd4c7a25c40b45270147d3509fc99122484bce4e2841cc2d208f78a5854a	987
LICENSE	1-20 (license identification)	c71d239df91726fc519c6eb72d318ec65820627232b2f796219e87dcf35d0ab4	11357
NOTICE	inventory-only	38c76eb8701e52953f63154a77b407667a6ee34c3a2a8785c8f8b2cd5494d09d	551
README.md	full	b47702596a9f5d69878d6541d444358a7576ae9a462993f941056d0ca80e79dd	1777
SPEC.md	headings inventory only	c6638056502ecd2e60eb04e1f1a627a4964506fcdf4d39873e78aa5834de85d5	92077
docs/symphony-smoke-board-review.md	inventory-only	2be917c896e3575d1228bc8a347401309280e95b5a7b19937f420e1dee0a3333	122
docs/symphony-smoke-test-one.md	inventory-only	fdf9ee46957674d68755410e99eea76076d675efe4fbe653f498c70da9f70510	113
elixir/.formatter.exs	inventory-only	735fb1587a22316dd160ff59e6b5a0977012122deed0d90ed3a43d3ba41c00af	117
elixir/.gitattributes	inventory-only	de9e55c039020a788fad34ab3e9d2d5a0dc22882b938906ee325febd1e366753	67
elixir/.gitignore	inventory-only	0a20c9eb02d5bd84de416e3592868ace49d2e84ae108b2e1b3285bd1daa90b38	935
elixir/AGENTS.md	inventory-only	e1ec93508b74b40061386f8b9e16288560e99cacb2e5b80ee47a2b45cef5171b	3118
elixir/Makefile	inventory-only	0ecad241d67d65b0bae7c0dfe33fb133679ac954c95582b8493e4b8e72d4d985	650
elixir/README.md	inventory-only	4a7fb4d9bc3897fec50a136f60d947c122e5ff8cf2297c5b4a815d7923c44f03	19190
elixir/WORKFLOW.md	inventory-only	7c465f8a44c6698db804dc7c6665cc1c2b7cadc1efed7d26c48629fcf530869d	19202
elixir/config/config.exs	inventory-only	44fb543fa1204ce77529899ba9fe3225276b04ef0e93d0c71606913c36bc840a	617
elixir/docs/logging.md	inventory-only	be058c7902bdee35d415d5216aacfdf396d3d4c9746ab2b02b122af95d9cab55	1607
elixir/docs/token_accounting.md	inventory-only	691c51c71685528a9e7a0f9d78e587a8c202d01ed14dc6c953c3f6c3489664ce	9172
elixir/lib/mix/tasks/pr_body.check.ex	inventory-only	a85a551c670db03533d869815a76a0b47232e924ffb2ab348675f54ad76ffdd5	6369
elixir/lib/mix/tasks/specs.check.ex	inventory-only	ebdbab36f8982324aa0c1f203fc97bb63e3caf69efbe23a830a6f547fc7ecafa	1489
elixir/lib/mix/tasks/workspace.before_remove.ex	inventory-only	a80e11c01f8949c37445aa2379008e77df442860451f035b6a7028a5e9f89094	3431
elixir/lib/symphony_elixir.ex	inventory-only	855832ffe0bb779f198bbcdc5c494f1afdb57e92eae37e4f346059ad24b649dd	1553
elixir/lib/symphony_elixir/agent_runner.ex	1-120	4b4ab877427c76e5778034c7c89a41e9ec884fb1b142f3c6754550f3ba25be39	7694
elixir/lib/symphony_elixir/agent_runtime_supervisor.ex	inventory-only	600ac1bd04126f671e77992284ce0083acf9b0130a8a200c7f6751a665042c6a	968
elixir/lib/symphony_elixir/asana/adapter.ex	inventory-only	02c7b18b711ce41e4ad8de0a205455879f5ca1d51a4ffd10de2ed5911f4c2aeb	1831
elixir/lib/symphony_elixir/asana/agent_tool.ex	inventory-only	19201b8b3a62e3647f7d3ab7b1eb6e5273b10194e311097a4522a5308ddc52b7	5394
elixir/lib/symphony_elixir/asana/client.ex	inventory-only	e7b5d5214ea8d35dff4d6ad3211d7da2a33c3cdfd35e4856caba0691a053c817	13665
elixir/lib/symphony_elixir/cli.ex	inventory-only	90486e81fa92249fe0ce873f39a88f0a96e37ab31531f58c919d7beacff03702	5800
elixir/lib/symphony_elixir/codex/app_server.ex	1-85	40b87a197e96755a5343ffb7f211fb3c68e90b4dcdb7658f62d971f07f7e4e6e	29818
elixir/lib/symphony_elixir/codex/dynamic_tool.ex	inventory-only	667ae0efe4e2573d60509cf42748d1998b9633e4102064ab38c4a28a2a1fd701	452
elixir/lib/symphony_elixir/config.ex	inventory-only	7dec67698bd0fea2189421dc998c33c7fc5723f3445e9f43582a8dd10c5a88f9	4106
elixir/lib/symphony_elixir/config/schema.ex	inventory-only	9e28610ddafce7dfa2fb6650e62816f50743976018cd0fd7fa63a59c76b1e014	19517
elixir/lib/symphony_elixir/github/adapter.ex	inventory-only	b84d774fc2a89602640a376c7f8ca1a2ef98481ad815633dbd6ded6e5dffdde9	2145
elixir/lib/symphony_elixir/github/agent_tool.ex	inventory-only	57c2bd2ad39e74badaf4873a52cbb86d13b773ca1a00f6254daee2dc25ba244e	5488
elixir/lib/symphony_elixir/github/client.ex	inventory-only	45286b1b09d5dd1627e2fcb3784a4dceb5c667978f032c100ec9a62d5ce7c02d	13063
elixir/lib/symphony_elixir/gitlab/adapter.ex	inventory-only	0d8e355e932b87edfd213ab5df8f7ae2deac04d22e75a7e8f8dd55a3b340c9f4	2135
elixir/lib/symphony_elixir/gitlab/agent_tool.ex	inventory-only	c9e0096c45bf42cf1bf9f3b4e95f428bc9b531991d55f47a6953f010c88fc495	5436
elixir/lib/symphony_elixir/gitlab/client.ex	inventory-only	5864add0afa63a6d14006d361bcc1ad81b344d88247f06e0ed32a255864fd71a	13437
elixir/lib/symphony_elixir/http_server.ex	inventory-only	1b9a4b609ff66e97ee4771e610386daa6f6c8dc680dae6efc882ee21853de45e	2587
elixir/lib/symphony_elixir/jira/adapter.ex	inventory-only	0ab622518764ebca7d26e422b5926c0dfde9a4febb383bca2f7c5a169088458b	1830
elixir/lib/symphony_elixir/jira/agent_tool.ex	inventory-only	4002c781b9ca5bdd7d289c8b7508fa2b7d2c63f686f0d9fcb31b01854371c267	5400
elixir/lib/symphony_elixir/jira/client.ex	inventory-only	2d0188dec9219ebcf3b8bf2d8f85ac177af849aff5854111999b53de2cad1a33	17367
elixir/lib/symphony_elixir/linear/adapter.ex	inventory-only	15ecaffd89305e4d162c46557459c52e3726a3ca8faac8b670b6c2b7494eed62	1822
elixir/lib/symphony_elixir/linear/agent_tool.ex	inventory-only	b5a3ec4f8a50fe9fe09b1bbe5dc367726a3373b61d5a0c395eeb74a12961cbbe	5628
elixir/lib/symphony_elixir/linear/client.ex	inventory-only	ad798cb4b5dfe30ba29ffac0c09560b93fa02e59dba9aceb322a98ac0dd39239	18785
elixir/lib/symphony_elixir/log_file.ex	inventory-only	c613c7cd0bb1095b076c65dc704c4c4aa28d7767ba20f4757e1cb1424dca5468	2235
elixir/lib/symphony_elixir/orchestrator.ex	250-345;410-444;803-865;1034-1095;1232-1260; state symbols	ffa6fd2ca66f775b93ca561adb60a61a416f8fb604ff247128d3638169fdab22	65267
elixir/lib/symphony_elixir/path_safety.ex	full	93881b60274584426c62f687be1252d490794f24a7b60b5607ad2c88b0586612	1707
elixir/lib/symphony_elixir/prompt_builder.ex	inventory-only	fdf0e0d58a6e47892ba789dbe3f1f475ca64c5b9267ee607de463aca9789325e	2057
elixir/lib/symphony_elixir/specs_check.ex	inventory-only	062cdd6fa19b994942b0be205d0a3a0ec4ade080f6cd0f66bbf42d38d94b508e	5206
elixir/lib/symphony_elixir/ssh.ex	inventory-only	2a6f0c262e18389b55422c24705af9e4968d7f76fa536d07323c9df5c08d5309	3374
elixir/lib/symphony_elixir/status_dashboard.ex	inventory-only	3c342e79d7c617d9d6269b1c1fa9f617db1a45698dcaf0251f7f1fd12edc4d07	60223
elixir/lib/symphony_elixir/tracker.ex	inventory-only	c4948d523e88385b365edf63fcd14b0f935e485e2fab3465d82fed88f51f2602	4413
elixir/lib/symphony_elixir/tracker/issue.ex	inventory-only	a746fd839edc7b09c9c83d12268a556509ac7f6a86996e141e1e106093dcd46e	2011
elixir/lib/symphony_elixir/tracker/memory.ex	inventory-only	7e4cd98d1273fa1292508cfb9cf2f9913789b722677e18d34e52af16ec27ba61	1352
elixir/lib/symphony_elixir/workflow.ex	inventory-only	7139901620b531bc1de03afdb7433001f8c14bec3505878316c642a3b2d2797b	3004
elixir/lib/symphony_elixir/workflow_store.ex	selected 1-180 including reload/stamp	5863443cbc9c027785c117050323e552ee9b8d47ff5f5b97f3f03bf4aed5a42c	4552
elixir/lib/symphony_elixir/workspace.ex	1-175	b72132293f572fa0c7caa38adda941452072e8639f2c39b4c8a569d69084c6e5	18395
elixir/lib/symphony_elixir_web/components/layouts.ex	inventory-only	4cb6bc3d1792301dfab050c6db5c7dd94cf6811bcb72616b2c221cba81d175c2	1928
elixir/lib/symphony_elixir_web/controllers/observability_api_controller.ex	inventory-only	9c27cec903e3626e3801b75218e84e4ee9436f12c1722b95fef21bafeb232768	1802
elixir/lib/symphony_elixir_web/controllers/static_asset_controller.ex	inventory-only	8873fdb7f77566bc3861484f1abd7f3f3b4636ec00ed7f42312a450797031c25	1250
elixir/lib/symphony_elixir_web/endpoint.ex	inventory-only	59a34efbb509e7cf2a2c477a21fb4b7d1d7c4fbd71c8c390f3a610619b76ab93	750
elixir/lib/symphony_elixir_web/error_html.ex	inventory-only	7e234c32db4b1be25acafb61da82b69aec1f4208224f0a426f15f0070ff9b344	217
elixir/lib/symphony_elixir_web/error_json.ex	inventory-only	20fe5b02e418f18d3920452fa00ad6b07a3b329bf034e92521c3e3ec966b0de5	258
elixir/lib/symphony_elixir_web/live/dashboard_live.ex	inventory-only	00afbfe809c767892a2c55a33b23d19fbdfc51735bac80af6644c6fa5daadfe9	16378
elixir/lib/symphony_elixir_web/observability_pubsub.ex	inventory-only	e029dc6bc1167c901b7bf65d728278d2a3b43fa583df31157ec4a6af3820489a	592
elixir/lib/symphony_elixir_web/presenter.ex	inventory-only	370a6071a87e52e3871f08290f97957315e4f06748b4a1042e17a53b30412c1e	8523
elixir/lib/symphony_elixir_web/router.ex	inventory-only	7372a4471054a8237e6b9ffd6afc9e30f8627b4966f3919bb78879c7d0806dc7	1563
elixir/lib/symphony_elixir_web/static_assets.ex	inventory-only	8cf44ca96e0c041d8b57148fbb866335bfe788882624f42a33a52a657cdc5807	2092
elixir/mise.toml	inventory-only	9d63c6afe72665536a5ad0645ed5176cd3d9de74463d68943abfe37554499936	47
elixir/mix.exs	inventory-only	421b322e5e3d0d49f2d4713d218d827e1763816516af789260e1a5f3fabf32f1	3303
elixir/mix.lock	inventory-only	f707a715e6a4e91fc865c1c78d286a5211759a94659caa87e6cd6bad12a6f90c	13012
elixir/priv/static/dashboard.css	inventory-only	2d1ded3d4349e4df93d8ba8d364208fecf6fbce5d36cbafdfc31af3582edecab	8252
elixir/priv/static/favicon.png	inventory-only	27913e982b8769bf1ddcdd2b47d0d395597e74ef8d5bca17ef2b428c08046f79	17493
elixir/test/fixtures/startup_workflow.md	inventory-only	31c3515604fb35f473cf18dab5be401a2cb63f2c2a40f47de56d0f883e74c163	83
elixir/test/fixtures/status_dashboard_snapshots/backoff_queue.evidence.md	inventory-only	ef8c8d891bbb60f5a831d84298409d52fc4433e347634fa4e0af6185690b36b7	1285
elixir/test/fixtures/status_dashboard_snapshots/backoff_queue.snapshot.txt	inventory-only	e2108cfec6a88cda848c52a7a39e1881a2e8b60f52aee455bd4e598cab9794f7	1948
elixir/test/fixtures/status_dashboard_snapshots/credits_unlimited.evidence.md	inventory-only	0c108675a5261f0ae48853659ee22bbda7214411812522017ff9f08b721b511e	974
elixir/test/fixtures/status_dashboard_snapshots/credits_unlimited.snapshot.txt	inventory-only	74b82f0f0bedf2732e1121c5f2f0b8760df1401e9633e209336d21bdba9fc946	1392
elixir/test/fixtures/status_dashboard_snapshots/idle.evidence.md	inventory-only	5c2c0bb21aa44a0662b6049a2c8551cdcdf13c93a1bb0da69aa15d0f0ca175b3	792
elixir/test/fixtures/status_dashboard_snapshots/idle.snapshot.txt	inventory-only	ab0889e49539409f2f623f31780d6c3319fd5b32bf594d1cf2409289de19b523	1067
elixir/test/fixtures/status_dashboard_snapshots/idle_with_dashboard_url.evidence.md	inventory-only	a2e8be5631e0920495e910fe77e7b5e265bb6c531ef243211c65eb5edf8adc95	830
elixir/test/fixtures/status_dashboard_snapshots/idle_with_dashboard_url.snapshot.txt	inventory-only	5cbd2d5a1bfaa0aa13d764a35c9b694be36dc2d309326b6f05d0d8a1c56c4fe6	1126
elixir/test/fixtures/status_dashboard_snapshots/super_busy.evidence.md	inventory-only	532cb100942d4c0e099fceea6db40c72d2324d3d86ad401625378bf5c8a4f9ea	1106
elixir/test/fixtures/status_dashboard_snapshots/super_busy.snapshot.txt	inventory-only	c1844e6975ac07f0550e63b9e2e37dc068eb76af04fe0e4154afa648ae5e8e02	1612
elixir/test/mix/tasks/pr_body_check_test.exs	inventory-only	f50d975321a5f39c37d6592ef19ce6db165cdafc3b59b1f1c6c054fd95b50eac	7502
elixir/test/mix/tasks/specs_check_task_test.exs	inventory-only	efaefa8279cc508c0461f53e717fdba3838f55b76a4126b4fc2a4c42132304ea	2725
elixir/test/mix/tasks/workspace_before_remove_test.exs	inventory-only	47f84bdc1a2473546b322e931b2c2a21451a0c86d9539620e9a2fb6a86731606	9284
elixir/test/support/live_e2e_docker/Dockerfile	inventory-only	4855afa61f5acf63b41e8bcdd64261142005f447c6538e5b6711b446f3b809d5	600
elixir/test/support/live_e2e_docker/docker-compose.yml	inventory-only	8e1dad6ffa2642a39e7647eeaef140d73fae04054e44e5dfd461a8058d82ceb7	607
elixir/test/support/live_e2e_docker/live_worker_entrypoint.sh	inventory-only	4525db591e91b099df58cdffb374283b1a54ea1c8ed0ea60d38661bf4a8f753f	312
elixir/test/support/live_e2e_docker/symphony-live-worker.conf	inventory-only	2a013011ad924f6fbcc31e56546d10d85e16962188b7b7e6e08c829e3b28a5b6	188
elixir/test/support/snapshot_support.exs	inventory-only	4c15c965c1fe8a06afedec2333fca9d2d20ce3a5d0407bed7d5ddc18ea74f858	2308
elixir/test/support/test_support.exs	inventory-only	77b6528bb280d834e7b5c4b3a00153483f92b0b4bd8465f15854f552b5429045	11145
elixir/test/symphony_elixir/app_server_test.exs	inventory-only	8a63ab1078a2af61bb813197c44b93d74365265efef1c06d69712d3468865098	52308
elixir/test/symphony_elixir/asana_adapter_test.exs	inventory-only	a488a7f9a05c51b5f2c0e3526fa839835ad7fe65f4f7e5c9b6793816647ab2c5	15161
elixir/test/symphony_elixir/asana_live_e2e_test.exs	inventory-only	78a4966a5f61d0ad540c031328454f7042cf920117474d4d22d8e73ba672f7e3	16710
elixir/test/symphony_elixir/cli_test.exs	inventory-only	06a7ca5695d01deec81ccf049ceed0fd09c273b5d15c4c6a90a8797480006173	4499
elixir/test/symphony_elixir/core_test.exs	inventory-only	d1a6d82116c696f01e0e6855f6abb738b08d263b8dfeb69475c99efdfdec710f	77007
elixir/test/symphony_elixir/dynamic_tool_test.exs	inventory-only	d5487886ed33513d07fcebbda42a3d00ba81a74907b055f1ab830dad76b95377	11113
elixir/test/symphony_elixir/extensions_test.exs	inventory-only	9d8be8e83f2241c4a29b0e7a1d3440ac97e79c309553cf2733f49cc14e481675	26692
elixir/test/symphony_elixir/github_adapter_test.exs	inventory-only	52495b52cddc1942b750be076ad90ff7ddfed91dfdd77c2d8cd8eee1973bd825	14798
elixir/test/symphony_elixir/github_live_e2e_test.exs	inventory-only	f500fc080849a51c4eb486e0d1d7d38e72157a77aac61004f19653b3861f65d1	12645
elixir/test/symphony_elixir/gitlab_adapter_test.exs	inventory-only	9b0aaafeebf1a621c01fe269250c221aa2fad2f07e3c56bf51e01edd191d8229	16869
elixir/test/symphony_elixir/gitlab_live_e2e_test.exs	inventory-only	41f5fc4ea2e18fa41a3b9cb76451c34115066d9515a36df73a9139892bc4040b	14132
elixir/test/symphony_elixir/gitlab_redirect_test.exs	inventory-only	b1d0a5d7bae0a3ea3aa35cca8ce2511a59df0349148797ae94c938a47f823d96	2056
elixir/test/symphony_elixir/jira_adapter_test.exs	inventory-only	0fe4cfe22034a86df9c304609473abbee3525b2a1f12a942decf0dcf7aaa9a23	19694
elixir/test/symphony_elixir/jira_live_e2e_test.exs	inventory-only	9c5f14628ffecc574ffaeeb2ab97282f57765a8d89b744c3f67d31976db5b68f	16301
elixir/test/symphony_elixir/live_e2e_test.exs	inventory-only	5620b36a9c865a14f386531c190b6de761701d6ba94e85b109e2aaa0fa94107a	25842
elixir/test/symphony_elixir/log_file_test.exs	inventory-only	29ee649abed26c715a508f45449290496905f09b70de87eb0914f3117ef01618	441
elixir/test/symphony_elixir/observability_pubsub_test.exs	inventory-only	d0d5a662d4701d7faec49b63c6a1586246aa374b29a1df80794db361ace472b9	946
elixir/test/symphony_elixir/orchestrator_status_test.exs	inventory-only	580476fe16a0f7f09f62804f49d838a63e3fa613e98ce83a026e8cc9121a70f6	54537
elixir/test/symphony_elixir/specs_check_test.exs	inventory-only	35befadab7132a721ded3c3c6147e6ada95982b3b5091f60dfa2c8c4abbd2655	2092
elixir/test/symphony_elixir/ssh_test.exs	inventory-only	f158f403a76ca408a9863e2acf784e2988581a7f3b4fef8786a79f315b6453b6	6219
elixir/test/symphony_elixir/status_dashboard_snapshot_test.exs	inventory-only	ed2935f00725d3a6dbd6738a6a55ed62210625bc851585b21f481d5ddbfa7809	8395
elixir/test/symphony_elixir/workspace_and_config_test.exs	inventory-only	b879537a4e5facc452f5524e3df78d2cb7dc47b7bf9ee24f0a85452e9c12b598	59068
elixir/test/test_helper.exs	inventory-only	ce9226c192d505ced72af0457be78514c85167595ef83bc142ee7b875b55699b	129
